model,id_nmse,ood_nmse
RandomForest(200),0.021519112227941072,0.3997531230180355
Ridge(1.0),0.8647597253008324,1.2028308464850415
Linear,0.8647598044519782,1.2028957015016484
